<?xml version="1.0" encoding="UTF-8" ?>

<!DOCTYPE struts-config PUBLIC
"-//Apache Software Foundation//DTD Struts Configuration 1.2//EN"
"http://jakarta.apache.org/struts/dtds/struts-config_1_2.dtd">


<struts-config>
	<form-beans>
		<form-bean name="registerForm" type="com.jwt.struts.form.UserRegisterForm" />
	</form-beans>

	<action-mappings>
		<action input="/login.jsp" name="registerForm" path="/register"
			type="com.jwt.struts.action.UserRegisterAction">
			<forward name="success" path="/success.jsp" />
			</action>
			
			<action input="/login1.jsp" name="loginForm" path="/login"
			type="com.jwt.struts.action.UserLoginAction">
			<forward name="success" path="/loginSuccess.jsp" />
			<forward name="error" path="/loginFailure.jsp" />
			</action>
		
		
	</action-mappings>

	<message-resources parameter="com/jwt/struts/action/ApplicationResource" />

</struts-config>